codigo da uf;nome da uf;codigo da agencia;nome da agencia;codigo do municipio;nome do municipio;cnpj;razao social;bairro;Ano do RelatÛrio
BA;BAHIA;29.00702.00;Alagoinhas;29.00702.00;Alagoinhas;02773076.0001-85;FAPE TERRAPLENAGEM E CONSTRU ≤ ¥ O;RODOVIA;2011
BA;BAHIA;29.00702.00;Alagoinhas;29.00702.00;Alagoinhas;11317502.0001-67;HS CONSTRUCOES LTDA;ALAGOINHAS VELHA;2011
BA;BAHIA;29.00702.00;Alagoinhas;29.00702.00;Alagoinhas;16075319.0001-16;LF ARQUITETURA ENGENHARIA E;CENTRO;2011
BA;BAHIA;29.00702.00;Alagoinhas;29.07509.00;Catu;03256825.0001-60;BAHIA ENGENHARIA LTDA EPP;CENTRO;2011
BA;BAHIA;29.00702.00;Alagoinhas;29.13705.00;Inhambupe;02790225.0001-14;CIMBRA CONSTRU ≤ öES E SERVI ≤ OS LTDA;CENTRO;2011
BA;BAHIA;29.03201.00;Barreiras;29.03201.00;Barreiras;00083567.0001-79;PREMIUM CONSTRU ≤ öES E INCORPORA ≤ öES;BOA VISTA;2011
BA;BAHIA;29.04605.00;Brumado;29.04605.00;Brumado;03186888.0001-97;EPCL EMPREENDIMENTOS PROJETOS;CENTRO;2011
BA;BAHIA;29.05701.00;Cama ari;29.05701.00;Cama ari;13616230.0001-21;ALENCAR BRAGA CONSTRU ≤ öES LTDA;ALTO DA CRUZ;2011
BA;BAHIA;29.05701.00;Cama ari;29.05701.00;Cama ari;00856405.0001-26;CEMON ENGENHARIA E CONSTRU ≤ öES LTDA;POLO DE APOIO;2011
BA;BAHIA;29.05701.00;Cama ari;29.05701.00;Cama ari;40511982.0001-09;FERREIRA MENDES CONSTRUTORA LTDA;ALTO DA CRUZ;2011
BA;BAHIA;29.05701.00;Cama ari;29.05701.00;Cama ari;07926601.0001-79;JPM MONTAGEM DE ANDAIMES LTDA;NOVO HORIZONTE;2011
BA;BAHIA;29.05701.00;Cama ari;29.05701.00;Cama ari;32658668.0001-17;LEME SERVICOS ESPECIALIZADOS LTDA;POLO DE APOIO;2011
BA;BAHIA;29.05701.00;Cama ari;29.05701.00;Cama ari;13328372.0001-93;MANTEP MANUTENCAO PROJETOS E OBRAS;JD . BRASILIA;2011
BA;BAHIA;29.05701.00;Cama ari;29.05701.00;Cama ari;63263289.0001-51;MCE ENGENHARIA LTDA;POLO DE APOIO;2011
BA;BAHIA;29.05701.00;Cama ari;29.05701.00;Cama ari;03734740.0001-40;MIRP ISOLAMENTO TERMICO LTDA;TRIANGULO;2011
BA;BAHIA;29.05701.00;Cama ari;29.05701.00;Cama ari;00217152.0001-40;PAISARTT CONSTRUTORA LTDA;CENT COM CAMACARI;2011
BA;BAHIA;29.05701.00;Cama ari;29.05701.00;Cama ari;01238504.0001-07;RECONART CONSTRU ≤ ¥ O LTDA;POLO DE APOIO;2011
BA;BAHIA;29.05701.00;Cama ari;29.05701.00;Cama ari;40489197.0001-99;SANTACRUZ ENGENHARIA LTDA;POLOPLAST;2011
BA;BAHIA;29.05701.00;Cama ari;29.05701.00;Cama ari;01745522.0001-85;SIRVA SERVICOS E ADMINISTRA ≤ ¥ O LTDA;JAUA;2011
BA;BAHIA;29.05701.00;Cama ari;29.05701.00;Cama ari;08968669.0001-83;VILA NOVA EMPREENDIMENTOS LTDA SOC;CENTRO;2011
BA;BAHIA;29.05701.00;Cama ari;29.10057.00;Dias d vila;01737963.0001-35;MONSERTEC MANUTEN ≤ ¥ O INDUSTRIAL;PQ . PETROPOLIS;2011
BA;BAHIA;29.05701.00;Cama ari;29.10057.00;Dias d vila;12423356.0001-17;MONTEC MONETAGEM TØCNICA LTDA;T . DA BARRA;2011
BA;BAHIA;29.05701.00;Cama ari;29.10057.00;Dias d vila;05451496.0001-33;NIPLAN NORDESTE E ENGENHARIA LTDA;EMBASSAY;2011
BA;BAHIA;29.05701.00;Cama ari;29.10057.00;Dias d vila;00860705.0001-89;PRODUMAN ENGENHARIA LTDA;IMBASSAY;2011
BA;BAHIA;29.05701.00;Cama ari;29.10057.00;Dias d vila;73507428.0001-07;TERMONTEC PROJETOS E SERVI ≤ OS;GARCIA DAVILA;2011
BA;BAHIA;29.05701.00;Cama ari;29.25204.00;Pojuca;00300531.0001-08;CONSTRUTERRA CONSTRU ≤ öES E;RETIRO;2011
BA;BAHIA;29.08408.00;Concei o do Coit {;29.08408.00;Concei o do;11156876.0001-48;AO PINHEIRO CONSTRUTORA LTDA;DIST DE SALGADALIA;2011
BA;BAHIA;29.10701.00;Euclides da Cunha;29.10701.00;Euclides da;11389865.0001-08;CONSTRUTORA D R J LTDA;DUDA MACARIO;2011
BA;BAHIA;29.10727.00;Eun∆polis;29.10727.00;Eun∆polis;20524237.0001-89;PERFIL ENGENHARIA SA;JUCA ROSA;2011
BA;BAHIA;29.10727.00;Eun∆polis;29.14653.00;Itabela;04583694.0001-98;GO URBANIZA ≤ ¥ O LTDA;CENTRO;2011
BA;BAHIA;29.10800.00;Feira de Santana;29.10800.00;Feira de;13074860.0001-11;A GONCALVES DOS SANTOS E CIA LTDA;PEDRA DO DESCANSO;2011
BA;BAHIA;29.10800.00;Feira de Santana;29.10800.00;Feira de;06316878.0001-17;ATRIUM CONSTRU ≤ öES E;SANTA MONICA;2011
BA;BAHIA;29.10800.00;Feira de Santana;29.10800.00;Feira de;07196300.0001-37;AZEVEDO AQUINO EMPREENDIMENTOS LTDA;CIS;2011
BA;BAHIA;29.10800.00;Feira de Santana;29.10800.00;Feira de;73661472.0001-69;CEPRENG ENGENHARIA LTDA;MANGABEIRA;2011
BA;BAHIA;29.10800.00;Feira de Santana;29.10800.00;Feira de;40494577.0001-11;CONIK CONSTRUTORA LTDA;CAPUCHINHOS;2011
BA;BAHIA;29.10800.00;Feira de Santana;29.10800.00;Feira de;07143740.0001-26;CONSTRUTORA TERTA LTDA;BRASILIA;2011
BA;BAHIA;29.10800.00;Feira de Santana;29.10800.00;Feira de;04358870.0001-98;CONSTRUTORA VELOSO BATISTA LTDA;SANTA MONICA;2011
BA;BAHIA;29.10800.00;Feira de Santana;29.10800.00;Feira de;10264322.0001-00;ECOVILE EMPREENDIMENTOS LTDA;35 BI;2011
BA;BAHIA;29.10800.00;Feira de Santana;29.10800.00;Feira de;03430791.0001-88;ELENGE ELETRICIDADE PROJETOS;ZONA RURAL;2011
BA;BAHIA;29.10800.00;Feira de Santana;29.10800.00;Feira de;05518481.0001-45;ENERGIA BRASIL PROJETOS E CONSTRU ≤;SIM;2011
BA;BAHIA;29.10800.00;Feira de Santana;29.10800.00;Feira de;13298179.0001-57;FCK CONSTRU ≤ OES E INCORPORADORA;BONFIM DE FEIRA;2011
BA;BAHIA;29.10800.00;Feira de Santana;29.10800.00;Feira de;14487128.0001-36;GRUPO NOBRE DE ENSINO LTDA;CENTRO;2011
BA;BAHIA;29.10800.00;Feira de Santana;29.10800.00;Feira de;04992587.0001-13;H MARINHO EMPREENDIMENTOS LTDA-ME;CENTRO;2011
BA;BAHIA;29.10800.00;Feira de Santana;29.10800.00;Feira de;02535568.0001-32;L . MARQUEZZO CONSTRU ≤ OES LTDA;BRASILIA;2011
BA;BAHIA;29.10800.00;Feira de Santana;29.10800.00;Feira de;01239341.0001-87;MA . ALMEIDA ENGENHARIA LTDA;35 BI;2011
BA;BAHIA;29.10800.00;Feira de Santana;29.10800.00;Feira de;09591094.0001-95;MULTPLACE FEIRA LTDA;CASEB;2011
BA;BAHIA;29.10800.00;Feira de Santana;29.10800.00;Feira de;32609786.0001-35;OLIMPIA SERVI ≤ OS E CONSTRU ≤ ¥ O CIVIL;QUEIMADINHA;2011
BA;BAHIA;29.10800.00;Feira de Santana;29.10800.00;Feira de;10948484.0001-59;RCLM CONSTRUCOES E EMPREENDIMENTOS;SIM;2011
BA;BAHIA;29.10800.00;Feira de Santana;29.10800.00;Feira de;12477236.0001-00;RCMA CONSTRUCOES SOC DE PROP;SANTA MONICA;2011
BA;BAHIA;29.10800.00;Feira de Santana;29.10800.00;Feira de;42272740.0001-27;SIPEL CONSTRU ≤ öES LTDA;QUEIMADINHA;2011
BA;BAHIA;29.10800.00;Feira de Santana;29.10800.00;Feira de;09443396.0001-16;TERRA NOVA RODOBENS INCORP . IMOB .;SAO J DOS COQUEIRO;2011
BA;BAHIA;29.10800.00;Feira de Santana;29.10800.00;Feira de;09557074.0001-06;WXM ENGENHARIA E CONSERVA ≤ ¥ O LTDA;CENTRO;2011
BA;BAHIA;29.13606.00;Ilh { us;29.13606.00;Oliven a;04136239.0001-44;CICON CONSTRUTORA E INCORPORADORA;CENTRO;2011
BA;BAHIA;29.13606.00;Ilh { us;29.32507.00;Una;14448260.0001-39;TOP ENGENHARIA LTDA .;COLONIA;2011
BA;BAHIA;29.14000.00;Ipira;29.14000.00;Ipir∆;03407182.0001-08;ENGELUX ENGENHARIA LTDA;CENTRO;2011
BA;BAHIA;29.14000.00;Ipira;29.14000.00;Ipir∆;05022643.0001-50;MRC CONSTRU ≤ OES E SERVI ≤ OS;CENTRO;2011
BA;BAHIA;29.14604.00;Irec¿;29.14604.00;Irec¿;03975131.0001-82;A N D ENGENHAHIA LTDA;CENTRO;2011
BA;BAHIA;29.14802.00;Itabuna;29.14802.00;Itabuna;14480974.0001-24;META ELETRIFICA ≤ ¥ O RURAL LTDA;CENTRO COMERCIAL;2011
BA;BAHIA;29.14802.00;Itabuna;29.14802.00;Itabuna;09514983.0001-59;RUNA PATRIMONIAL LTDA;JARDIM VITORIA;2011
BA;BAHIA;29.15601.00;Itamaraju;29.06907.00;Caravelas;15128515.0001-49;TERRABRAS TERRAPLENAGENS DO BRASIL;BOSQUES DAS AVENIDA;2011
BA;BAHIA;29.15601.00;Itamaraju;29.18456.00;Jucuru u;63240030.0001-95;MIREL CONSTRUTORA LTDA;ZONA RURAL;2011
BA;BAHIA;29.16401.00;Itapetinga;29.16401.00;Itapetinga;33972829.0001-05;NG ENGENHARIA LTDA;CENTRO;2011
BA;BAHIA;29.21708.00;Morro do Chap { u;29.21708.00;Morro do Chap {;06866305.0001-67;NABLA CONSTRU ≤ öES LTDA;CONTORNO;2011
BA;BAHIA;29.24009.00;Paulo Afonso;29.24009.00;Paulo Afonso;02023187.0001-74;COINPE CONSTRUTORA LTDA;PERPETUO SOCORRO;2011
BA;BAHIA;29.25303.00;Porto Seguro;29.25303.00;Porto Seguro;09517219.0001-37;IATA A G DOS SANTOS;COLINA TRANCOSO;2011
BA;BAHIA;29.25303.00;Porto Seguro;29.25303.00;Porto Seguro;03040232.0001-61;ROSA MELO CONSTRUTORA E;CENTRO;2011
BA;BAHIA;29.26301.00;Riach o do Jacupe;29.06857.00;Capela do Alto;33870809.0001-23;CSO ENGENHARIA LTDA;CENTRO;2011
BA;BAHIA;29.27408.06;Salvador I;29.19207.00;Lauro de;04244590.0001-59;AMBIENTE ENGENHARIA LTDA;CENTRO;2011
BA;BAHIA;29.27408.06;Salvador I;29.19207.00;Lauro de;08692082.0001-94;BRS CONSTRU ≤ öES LTDA-ME;ITINGA;2011
BA;BAHIA;29.27408.06;Salvador I;29.19207.00;Lauro de;02209768.0001-03;BSW BRASIL STUD WELDING CONSTRUTORA;ITINGA;2011
BA;BAHIA;29.27408.06;Salvador I;29.19207.00;Lauro de;09002501.0001-81;CHIPRE INVESTIMENTOS IMOBILIARIOS;ESTRADA DO COCO;2011
BA;BAHIA;29.27408.06;Salvador I;29.19207.00;Lauro de;40572091.0001-54;CJC CONSTRU ≤ OES LTDA;CENTRO;2011
BA;BAHIA;29.27408.06;Salvador I;29.19207.00;Lauro de;04157035.0001-90;CONSTRUQUALI ENGENHARIA LTDA;VILAS DO ATLANTICO;2011
BA;BAHIA;29.27408.06;Salvador I;29.19207.00;Lauro de;01000129.0001-62;FERROPRONTO LTDA;CAJI;2011
BA;BAHIA;29.27408.06;Salvador I;29.19207.00;Lauro de;03948696.0001-70;GRAUTE EMPREENDIMENTOS LTDA;ESTRADA DO COCO;2011
BA;BAHIA;29.27408.06;Salvador I;29.19207.00;Lauro de;03834564.0001-18;LƒDER CONSTRU ≤ öES E INSTALA ≤ öES;CENTRO;2011
BA;BAHIA;29.27408.06;Salvador I;29.19207.00;Lauro de;09586255.0001-52;LR CONSTRUCOES E ENGENHARIA LTDA;JD BELO HORIZONTE;2011
BA;BAHIA;29.27408.06;Salvador I;29.19207.00;Lauro de;09455654.0001-84;MANDALA VILAS RESIDENCE;PORTAO;2011
BA;BAHIA;29.27408.06;Salvador I;29.19207.00;Lauro de;04366331.0001-09;MS COMERCIO E SERVICOS LTDA;VIDA NOVA;2011
BA;BAHIA;29.27408.06;Salvador I;29.19207.00;Lauro de;01099606.0001-99;OLIVEIRA SANTANA CONSTRU ≤ öES LTDA;BURAQUINHO;2011
BA;BAHIA;29.27408.06;Salvador I;29.19207.00;Lauro de;03174004.0001-84;PJ CONSTRU ≤ öES E TERRAPLANAGEM LTDA;CENTRO;2011
BA;BAHIA;29.27408.06;Salvador I;29.19207.00;Lauro de;05647206.0001-21;QG CONSTRU ≤ öES E ENGENHARIA LTDA;VILAS DO ATLANTICO;2011
BA;BAHIA;29.27408.06;Salvador I;29.19207.00;Lauro de;01974371.0001-37;RISOTERM ISOLANTES TERMICOS LTDA;PORTAO;2011
BA;BAHIA;29.27408.06;Salvador I;29.19207.00;Lauro de;05874949.0001-34;ROBLE SERVICOS LTDA;CENTRO;2011
BA;BAHIA;29.27408.06;Salvador I;29.19207.00;Lauro de;24469348.0001-90;SERTELE INFRA ESTRUTURA E;PITANGUEIRAS;2011
BA;BAHIA;29.27408.06;Salvador I;29.19207.00;Lauro de;86778966.0001-70;START ENGENHARIA DE;CAJI;2011
BA;BAHIA;29.27408.06;Salvador I;29.19207.00;Lauro de;10255092.0001-04;VIDA BELA EMPREENDIMENTOS;ITINGA;2011
BA;BAHIA;29.27408.06;Salvador I;29.27408.00;Mar {;03316710.0001-13;Andr { Guimar es Constru√es;PITUBA;2011
BA;BAHIA;29.27408.06;Salvador I;29.27408.00;Mar {;09378509.0001-47;ACL PATRIMONIAL LTDA;IMBUI;2011
BA;BAHIA;29.27408.06;Salvador I;29.27408.00;Mar {;02041703.0001-93;ADVANCE CONSTRU ≤ öES E PARTICIPA ≤ öES;PITUBA;2011
BA;BAHIA;29.27408.06;Salvador I;29.27408.00;Mar {;13800859.0001-27;ALDEIOTTA EMPREENDIMENTOS S / A;COMERCIO;2011
BA;BAHIA;29.27408.06;Salvador I;29.27408.00;Mar {;00638562.0001-65;AMF ENGENHARIA E SERVI ≤ OS LTDA;CAMINHO DAS ARVORES;2011
BA;BAHIA;29.27408.06;Salvador I;29.27408.00;Mar {;03318115.0001-17;AMORIM BARRETO ENGENHARIA LTDA;CAMINHO DAS ARVORES;2011
BA;BAHIA;29.27408.06;Salvador I;29.27408.00;Mar {;10530248.0001-18;AMPLA;ACUPE DE BROTAS;2011
BA;BAHIA;29.27408.06;Salvador I;29.27408.00;Mar {;13215959.0001-96;ANDRØ GUIMAR ¥ ES CONSTRU ≤ öES LTDA;PITUBA;2011
BA;BAHIA;29.27408.06;Salvador I;29.27408.00;Mar {;13558309.0001-43;ANDRADE GALV ¥ O ENGENHARIA LTDA;PITUBA;2011
BA;BAHIA;29.27408.06;Salvador I;29.27408.00;Mar {;09259408.0001-57;ARC CORP CONSTRUTORA E;RIO VERMELHO;2011
BA;BAHIA;29.27408.06;Salvador I;29.27408.00;Mar {;96720347.0001-88;ARC ENGENHARIA LTDA;RIO VERMELHO;2011
BA;BAHIA;29.27408.06;Salvador I;29.27408.00;Mar {;05588757.0001-61;ARC TECNOLOGIA EM ESTRUTURAS DE;RIO VERMELHO;2011
BA;BAHIA;29.27408.06;Salvador I;29.27408.00;Mar {;40522617.0001-91;ARCLIMA ENGENHARIA TERMICA LTDA;IAPI;2011
BA;BAHIA;29.27408.06;Salvador I;29.27408.00;Mar {;01288200.0001-54;ARTEMP ENGENHARIA LTDA;BOCA DO RIO;2011
BA;BAHIA;29.27408.06;Salvador I;29.27408.00;Mar {;16347049.0001-55;ATON ENGENHARIA E COMERCIO LTDA;SUSSUARANA;2011
BA;BAHIA;29.27408.06;Salvador I;29.27408.00;Mar {;01327233.0001-66;AXXO CONSTRUTORA LTDA;CHAME CHAME;2011
BA;BAHIA;29.27408.06;Salvador I;29.27408.00;Mar {;05391187.0001-15;BARCINO ESTEVE CONSTRUTORA LTDA;COMERCIO;2011
BA;BAHIA;29.27408.06;Salvador I;29.27408.00;Mar {;96861075.0001-36;BARRAS CONSTRUCAO , PROJETOS E;PIRAJA;2011
BA;BAHIA;29.27408.06;Salvador I;29.27408.00;Mar {;86766409.0001-39;BCL CONSTRUTORA LTA;CAMINHO DAS ARVORES;2011
BA;BAHIA;29.27408.06;Salvador I;29.27408.00;Mar {;15630064.0001-43;BELOV ENGENHARIA LTDA;BAIXA DE QUINTAS;2011
BA;BAHIA;29.27408.06;Salvador I;29.27408.00;Mar {;03812505.0001-49;BRF EMPREENDIMENTOS IMOBILIARIOS;CAMINHO DAS ARVORES;2011
BA;BAHIA;29.27408.06;Salvador I;29.27408.00;Mar {;96745948.0001-45;BRINSTAL INSTALA ≤ öES E MONTAGEM;CAMPINAS DE BROTAS;2011
BA;BAHIA;29.27408.06;Salvador I;29.27408.00;Mar {;32643090.0001-25;CAMPBEL CONSTRU ≤ öES E TERRAPLANAGEM;PIRAJA;2011
BA;BAHIA;29.27408.06;Salvador I;29.27408.00;Mar {;06154396.0001-08;CAROCO REAL CONSTRU ≤ öES LTDA;BROTAS;2011
BA;BAHIA;29.27408.06;Salvador I;29.27408.00;Mar {;09160681.0001-20;CASTELLI ENGENHARIA LTDA-EPP;BROTAS;2011
BA;BAHIA;29.27408.06;Salvador I;29.27408.00;Mar {;16144735.0001-29;CATABAS EMPREENDIMENTOS IMOBILI;PITUBA;2011
BA;BAHIA;29.27408.06;Salvador I;29.27408.00;Mar {;01379851.0001-50;CBV CONSTRUTORA LTDA;CHAME CHAME;2011
BA;BAHIA;29.27408.06;Salvador I;29.27408.00;Mar {;03366881.0001-57;CCP CONSTRU ≤ öES E LOCA ≤ öES DE;CAMINHO DAS ARVORES;2011
BA;BAHIA;29.27408.06;Salvador I;29.27408.00;Mar {;09181226.0001-00;CELI - GMEC RESERVA ARBORETTO LTDA;PITUBA;2011
BA;BAHIA;29.27408.06;Salvador I;29.27408.00;Mar {;63224695.0001-05;CEZAMAR CONSTRU ≤ öES E;COMERCIO;2011
BA;BAHIA;29.27408.06;Salvador I;29.27408.00;Mar {;09384427.0002-96;CHIACHIARETTA EMPREED IMOB SPE LTDA;DISTRITO DE ABRANTE;2011
BA;BAHIA;29.27408.06;Salvador I;29.27408.00;Mar {;00899991.0001-96;CHROMA EMPREENDIMENTOS E PARTICIPA ≤;PITUBA;2011
BA;BAHIA;29.27408.06;Salvador I;29.27408.00;Mar {;13529136.0001-35;CIA DE ENGENHARIA AMBIENTAL DA;CENTRO;2011
BA;BAHIA;29.27408.06;Salvador I;29.27408.00;Mar {;02966986.0001-84;CITELUZ SERVI ≤ OS DE ILUMINA ≤ ¥ O;PITUBA;2011
BA;BAHIA;29.27408.06;Salvador I;29.27408.00;Mar {;10319601.0001-15;CITTA ITAPUA EMPREENDIMENTOS IMOB;PITUBA;2011
BA;BAHIA;29.27408.06;Salvador I;29.27408.00;Mar {;05681664.0001-87;CJ CONSTRUTORA E INCORPORADORA LTDA;BARRA;2011
BA;BAHIA;29.27408.06;Salvador I;29.27408.00;Mar {;40485484.0001-20;CM MACHADO ENGENHARIA LTDA;GRACA;2011
BA;BAHIA;29.27408.06;Salvador I;29.27408.00;Mar {;07837579.0001-90;CONCRETA INCORPORA ≤ ¥ O E CONSTRU ≤ ¥ O;PARALELA;2011
BA;BAHIA;29.27408.06;Salvador I;29.27408.00;Mar {;15231897.0001-31;CONCRETA TECNOLOGIA EM ENGENHARIA;PARALELA;2011
BA;BAHIA;29.27408.06;Salvador I;29.27408.00;Mar {;06266947.0001-25;CONSIL EMPREENDIMENTOS LTDA;ONDINA;2011
BA;BAHIA;29.27408.06;Salvador I;29.27408.00;Mar {;11065826.0001-55;CONSTRUACO CONSTRUCOES LTDA;COMERCIO;2011
BA;BAHIA;29.27408.06;Salvador I;29.27408.00;Mar {;14752034.0001-47;CONSTRUTORA CEARA MENDES LTDA;PITUBA;2011
BA;BAHIA;29.27408.06;Salvador I;29.27408.00;Mar {;04293069.0001-01;CONSTRUTORA CRISTAL LTDA;CAMINHO DAS ARVORES;2011
BA;BAHIA;29.27408.06;Salvador I;29.27408.00;Mar {;00207218.0001-11;CONSTRUTORA ELOS ENGENHARIA LTDA;CAMINHO DAS ARVORES;2011
BA;BAHIA;29.27408.06;Salvador I;29.27408.00;Mar {;04954329.0001-42;CONSTRUTORA FRANCO ARAUJO LTDA;PARQUE BELA VISTA;2011
BA;BAHIA;29.27408.06;Salvador I;29.27408.00;Mar {;03082993.0001-86;CONSTRUTORA GATTO CONSTRU ≤ öES E;BARRA;2011
BA;BAHIA;29.27408.06;Salvador I;29.27408.00;Mar {;15122187.0001-73;CONSTRUTORA J VICENTE LTDA;COMERCIO;2011
BA;BAHIA;29.27408.06;Salvador I;29.27408.00;Mar {;00408291.0001-51;CONSTRUTORA KAZZA LTDA;RIO VERMELHO;2011
BA;BAHIA;29.27408.06;Salvador I;29.27408.00;Mar {;02962945.0001-10;CONSTRUTORA LUCAIA LTDA;PITUBA;2011
BA;BAHIA;29.27408.06;Salvador I;29.27408.00;Mar {;74190620.0001-77;CONSTRUTORA NM LTDA;CAB SUSSUARANA;2011
BA;BAHIA;29.27408.06;Salvador I;29.27408.00;Mar {;07435665.0001-77;CONSTRUTORA PORTO FINO LTDA;CAMINHO DAS ARVORES;2011
BA;BAHIA;29.27408.06;Salvador I;29.27408.00;Mar {;13027628.0001-22;CONSTRUTORA SEGURA LTDA;PITUBA;2011
BA;BAHIA;29.27408.06;Salvador I;29.27408.00;Mar {;07392618.0001-93;CONSTRUTORA TERRA SANTA LTDA;CAMINHO DAS ARVORES;2011
BA;BAHIA;29.27408.06;Salvador I;29.27408.00;Mar {;04452328.0001-08;CONSTRUTORA VERTI LTDA;CAMINHO DAS ARVORES;2011
BA;BAHIA;29.27408.06;Salvador I;29.27408.00;Mar {;03522765.0001-80;CONSTRUTOTA LAM LTDA;PQ . BELA VISTA DE BROTAS;2011
BA;BAHIA;29.27408.06;Salvador I;29.27408.00;Mar {;10176673.0001-50;COSTA ANDRADE EBISA INC 2 SPE LTDA;CAMINHO DAS ARVORES;2011
BA;BAHIA;29.27408.06;Salvador I;29.27408.00;Mar {;16273641.0001-50;CPL CONSTRUTORA LTDA;ONDINA;2011
BA;BAHIA;29.27408.06;Salvador I;29.27408.00;Mar {;01027728.0001-70;CSG ENGENHARIA LTDA;CAMINHO DAS RVORES;2011
BA;BAHIA;29.27408.06;Salvador I;29.27408.00;Mar {;00336564.0001-08;DEIL CONSTRUTORA LTDA;PITUBA;2011
BA;BAHIA;29.27408.06;Salvador I;29.27408.00;Mar {;07225466.0001-34;DIAGONAL CONSTRUTORA LTDA;STIEP;2011
BA;BAHIA;29.27408.06;Salvador I;29.27408.00;Mar {;33891086.0001-49;DISQUEPINTE SERVI ≤ OS E PINTURAS;FEDERA ≤ ¥ O;2011
BA;BAHIA;29.27408.06;Salvador I;29.27408.00;Mar {;05504140.0001-10;DPE ENGENHARIA E MANUTEN ≤ ¥ O LTDA;COMERCIO;2011
BA;BAHIA;29.27408.06;Salvador I;29.27408.00;Mar {;15137680.0001-67;EBISA ENGENHARIA BRASILEIRA IND ñ;CAMPINAS DE PIRAJA;2011
BA;BAHIA;29.27408.06;Salvador I;29.27408.00;Mar {;13286323.0001-35;ECMAN ENGENHARIA S / A;PORTOSECO PIRAJA;2011
BA;BAHIA;29.27408.06;Salvador I;29.27408.00;Mar {;10490906.0001-95;ECOLURB ENGENHARIA CONSERVA ≤ ¥ O E;PITUBA;2011
BA;BAHIA;29.27408.06;Salvador I;29.27408.00;Mar {;07809799.0001-00;EDM ENGENHARIA;CAJAZEIRAS;2011
BA;BAHIA;29.27408.06;Salvador I;29.27408.00;Mar {;03574980.0001-24;EGMA CONSTRU ≤ öES LTDA;ONDINA;2011
BA;BAHIA;29.27408.06;Salvador I;29.27408.00;Mar {;14796767.0001-83;ELETROHIDRO ENGENHARIA LTDA;ACUPE DE BROTAS;2011
BA;BAHIA;29.27408.06;Salvador I;29.27408.00;Mar {;15101157.0001-80;EMPATE - EMPRESA DE PAVIMENTA ≤ ¥ O E;BARRA;2011
BA;BAHIA;29.27408.06;Salvador I;29.27408.00;Mar {;09105655.0001-07;EMPREENDIMENTO ALFA LTDA;CAM DAS ARVORES;2011
BA;BAHIA;29.27408.06;Salvador I;29.27408.00;Mar {;04593605.0001-94;EMPRENGE CONSTRUTORA LTDA;CAMINHO DAS ARVORES;2011
BA;BAHIA;29.27408.06;Salvador I;29.27408.00;Mar {;03348291.0001-00;ENG CONSTRU ≤ öES E INCORPORA ≤ öES;BROTAS;2011
BA;BAHIA;29.27408.06;Salvador I;29.27408.00;Mar {;13962923.0001-76;ENGEC ENGENHARIA E COMØRCIO LTDA;ACUPE DE BROTAS;2011
BA;BAHIA;29.27408.06;Salvador I;29.27408.00;Mar {;33796822.0001-80;ENGEMISA ENGENHARIA KTDA;IMBUI;2011
BA;BAHIA;29.27408.06;Salvador I;29.27408.00;Mar {;00647217.0001-98;ENGPISO ENGENHARIA COMERCIO DE PISO;SUSSUARANA;2011
BA;BAHIA;29.27408.06;Salvador I;29.27408.00;Mar {;16277956.0001-75;FACTOR CONSTRU ≤ öES E INCORPORA ≤ öES;GARCIA;2011
BA;BAHIA;29.27408.06;Salvador I;29.27408.00;Mar {;14544175.0001-74;FENGEC FUNDA ≤ öES , ENGENHARIA E;PITUBA;2011
BA;BAHIA;29.27408.06;Salvador I;29.27408.00;Mar {;40512931.0001-93;FM CONSTRUTORA LTDA;ITAIGARA;2011
BA;BAHIA;29.27408.06;Salvador I;29.27408.00;Mar {;09096764.0001-05;FONDONT SERVICOS DE ODONTOLOGIA;ITAPUA;2011
BA;BAHIA;29.27408.06;Salvador I;29.27408.00;Mar {;05748639.0001-73;FORMAPRONTA ESTRUTURAS E ENGENHARIA;COMØRCIO;2011
BA;BAHIA;29.27408.06;Salvador I;29.27408.00;Mar {;13247149.0001-11;FPE CONSTRUCOES LTDA;COMERCIO;2011
BA;BAHIA;29.27408.06;Salvador I;29.27408.00;Mar {;09517681.0001-34;FRANISA EMPREENDIMENTOS;PARQUE BELA VISTA;2011
BA;BAHIA;29.27408.06;Salvador I;29.27408.00;Mar {;16308421.0001-14;GAIA ENGENHARIA LTDA;PITUBA;2011
BA;BAHIA;29.27408.06;Salvador I;29.27408.00;Mar {;09002321.0001-08;GAMA INVESTIMENTOS IMOBILIARIOS;ONDINA;2011
BA;BAHIA;29.27408.06;Salvador I;29.27408.00;Mar {;34152199.0001-95;GDK S . A .;COMERCIO;2011
BA;BAHIA;29.27408.06;Salvador I;29.27408.00;Mar {;06814143.0001-13;GLOBAL MANUTENCOES LTDA - EPP;IMBUI;2011
BA;BAHIA;29.27408.06;Salvador I;29.27408.00;Mar {;05790272.0001-56;GMEC ENGENHARIA E CONSTRU ≤ öES LTDA;CAMINHO DAS ARVORES;2011
BA;BAHIA;29.27408.06;Salvador I;29.27408.00;Mar {;11366252.0001-55;GMEC PROJETOS E OBRAS LTDA;CAMINHO DAS ARVORES;2011
BA;BAHIA;29.27408.06;Salvador I;29.27408.00;Mar {;16365025.0001-29;GR FICO EMPREENDIMENTOS LTDA .;STIEP;2011
BA;BAHIA;29.27408.06;Salvador I;29.27408.00;Mar {;00961223.0001-15;HB ENGENHARIA E SERVI ≤ OS LTDA;DOIS DE JULHO;2011
BA;BAHIA;29.27408.06;Salvador I;29.27408.00;Mar {;05659536.0001-37;HCN INSTALA ≤ OES HIDRAULICAS E;ITAIGARA;2011
BA;BAHIA;29.27408.06;Salvador I;29.27408.00;Mar {;13647862.0001-52;HIDROCON - HIDROGEOLOGOA;CAM DAS ARVORES;2011
BA;BAHIA;29.27408.06;Salvador I;29.27408.00;Mar {;16104523.0001-18;HOLTZ ENGENHARIA LTDA;PITUBA;2011
BA;BAHIA;29.27408.06;Salvador I;29.27408.00;Mar {;08150640.0001-90;IBERKON INVEST CONSTRU ≤ öES ,;COMERCIO;2011
BA;BAHIA;29.27408.06;Salvador I;29.27408.00;Mar {;13112735.0001-59;IRAFRAN SERVI ≤ OS E PINTURA LTDA;FEDERA ≤ ¥ O;2011
BA;BAHIA;29.27408.06;Salvador I;29.27408.00;Mar {;03240946.0001-13;ISOREL LOCA ≤ ¥ O E SERVI ≤ OS LTDA;CAMINHO DAS RVORES;2011
BA;BAHIA;29.27408.06;Salvador I;29.27408.00;Mar {;41545765.0001-94;ISOTHEM ENGENHARIA LTDA;IAPI;2011
BA;BAHIA;29.27408.06;Salvador I;29.27408.00;Mar {;04955578.0001-52;ITATIAIA ENGENHARIA LTDA;PITUBA;2011
BA;BAHIA;29.27408.06;Salvador I;29.27408.00;Mar {;04228155.0001-30;JAC ENGENHARIA E CONSTRU ≤ öES LTDA;CAMINHO DAS ARVORES;2011
BA;BAHIA;29.27408.06;Salvador I;29.27408.00;Mar {;09389814.0001-34;JHSF SALVADOR EMPREENDIMENTOS;CABULA;2011
BA;BAHIA;29.27408.06;Salvador I;29.27408.00;Mar {;11044081.0001-48;JOCIVAL DOS SANTOS ANDRADE ME;COMERCIO;2011
BA;BAHIA;29.27408.06;Salvador I;29.27408.00;Mar {;14828958.0001-80;JOTAGE ENGENHARIA COMERCIO E;BROTAS;2011
BA;BAHIA;29.27408.06;Salvador I;29.27408.00;Mar {;02933119.0001-42;JT LOCACAO E SERVICOS LTDA;DOM AVELAR;2011
BA;BAHIA;29.27408.06;Salvador I;29.27408.00;Mar {;07456769.0001-68;JWS CONSTRU ≤ öES LTDA;BROTAS;2011
BA;BAHIA;29.27408.06;Salvador I;29.27408.00;Mar {;01024192.0001-39;KUBO ENGENHARIA E EMPREENDIMENTOS;CAMINHO DAS ARVORES;2011
BA;BAHIA;29.27408.06;Salvador I;29.27408.00;Mar {;00640794.0001-58;LEAO ENGENHARIA LTDA;PQ BELA VISTA BROTAS;2011
BA;BAHIA;29.27408.06;Salvador I;29.27408.00;Mar {;73539678.0001-10;LEC - LESSA ENGENHARIA E;RIO VERMELHO;2011
BA;BAHIA;29.27408.06;Salvador I;29.27408.00;Mar {;06055831.0001-47;LNX INSTALADORA LTDA;PITUBA;2011
BA;BAHIA;29.27408.06;Salvador I;29.27408.00;Mar {;13491709.0001-89;MAC ENGENHARIA E INSTALA ≤ öES LTDA;PARQUE BELA VISTA;2011
BA;BAHIA;29.27408.06;Salvador I;29.27408.00;Mar {;13960299.0001-78;MACRO CONSTRUTORA LTDA;COMERCIO;2011
BA;BAHIA;29.27408.06;Salvador I;29.27408.00;Mar {;10929117.0001-08;MANHATTAN SQUARE EMP IMOB COMERCIAL;PITUBA;2011
BA;BAHIA;29.27408.06;Salvador I;29.27408.00;Mar {;10945658.0001-20;MANHATTAN SQUARE EMP IMOB;PITUBA;2011
BA;BAHIA;29.27408.06;Salvador I;29.27408.00;Mar {;10223470.0001-78;MAR DA LIGURIA EMPREENDIMENTOS LTDA;CAMINHO DAS ARVORES;2011
BA;BAHIA;29.27408.06;Salvador I;29.27408.00;Mar {;09813617.0001-09;MARIA DA LUZ QUERETTE;CAMINHO DAS ARVORES;2011
BA;BAHIA;29.27408.06;Salvador I;29.27408.00;Mar {;11273308.0001-27;MARTA AGUIAR RESD EMP SPE LTDA;PITUBA;2011
BA;BAHIA;29.27408.06;Salvador I;29.27408.00;Mar {;06119589.0001-28;MASTERFORMAS CONSTRU ≤ öES LTDA;BOCA DO RIO;2011
BA;BAHIA;29.27408.06;Salvador I;29.27408.00;Mar {;06145027.0001-59;MAXI ENGENHARIA E CONSULTORIA LTDA;RIO VERMELHO;2011
BA;BAHIA;29.27408.06;Salvador I;29.27408.00;Mar {;02961037.0001-01;MDA CONSTRU ≤ öES LTDA .;PITUBA;2011
BA;BAHIA;29.27408.06;Salvador I;29.27408.00;Mar {;07478417.0001-03;METRO ENGENHARIA E CONSULTORIA LTDA;STIEP;2011
BA;BAHIA;29.27408.06;Salvador I;29.27408.00;Mar {;07354356.0001-72;MFP CONSTRUTORA LTDA;CIA I;2011
BA;BAHIA;29.27408.06;Salvador I;29.27408.00;Mar {;14524540.0001-89;MOREL MONTAGENS DE REDES ELETRICAS;MATA ESCURA;2011
BA;BAHIA;29.27408.06;Salvador I;29.27408.00;Mar {;05607032.0001-73;MPN EMPREENDIMENTOS LTDA;IGUATEMI;2011
BA;BAHIA;29.27408.06;Salvador I;29.27408.00;Mar {;06216582.0001-24;MURANO CONTRU ≤ öES;PITUBA;2011
BA;BAHIA;29.27408.06;Salvador I;29.27408.00;Mar {;05900542.0001-34;O . P . F . CONSTRU ≤ öES LTDA;CAMINHO DAS ARVORES;2011
BA;BAHIA;29.27408.06;Salvador I;29.27408.00;Mar {;04842529.0001-03;OIKOS ENGENHARIA LTDA;FEDERACAO;2011
BA;BAHIA;29.27408.06;Salvador I;29.27408.00;Mar {;00388547.0001-06;PACTO PROJETOS E OBRAS LTDA;ITAIGARA;2011
BA;BAHIA;29.27408.06;Salvador I;29.27408.00;Mar {;34375501.0001-74;PARAGUA ≤ U ENGENHARIA LTDA;RIO VERMELHO;2011
BA;BAHIA;29.27408.06;Salvador I;29.27408.00;Mar {;02702285.0001-38;PAULUS CONSTRU ≤ öES E SERVI ≤ OS LTDA;STIEP;2011
BA;BAHIA;29.27408.06;Salvador I;29.27408.00;Mar {;01397753.0001-45;PAVISERVICE SERVI ≤ OS DE PAVIMENTA ≤ ¥;RIO VERMELHO;2011
BA;BAHIA;29.27408.06;Salvador I;29.27408.00;Mar {;11078962.0001-80;PITUACU INCORPORADORA LTDA;PITUBA;2011
BA;BAHIA;29.27408.06;Salvador I;29.27408.00;Mar {;08980127.0001-26;PITUBA PRAIA EMPREENDIMENTO LTDA;FEDERACAO;2011
BA;BAHIA;29.27408.06;Salvador I;29.27408.00;Mar {;01724109.0001-34;POTENCIAL ENGENHARIA E INSTALA ≤ öES;MATATU;2011
BA;BAHIA;29.27408.06;Salvador I;29.27408.00;Mar {;02441716.0001-50;PRANCHA ZERO ENGENHARIA &;PITUBA;2011
BA;BAHIA;29.27408.06;Salvador I;29.27408.00;Mar {;07390363.0001-20;PW CONSTRU ≤ öES LTDA;BROTAS;2011
BA;BAHIA;29.27408.06;Salvador I;29.27408.00;Mar {;09131389.0001-89;QUEIROZ GALVAO BROTAS DESENV IMOB;CAMINHO DAS ARVORES;2011
BA;BAHIA;29.27408.06;Salvador I;29.27408.00;Mar {;16358038.0001-70;R CARVALHO CONSTRU ≤ öES E;TROBOJY;2011
BA;BAHIA;29.27408.06;Salvador I;29.27408.00;Mar {;14880108.0001-20;R J CONSTRU ≤ ¥ O E INCORPORA ≤ ¥ O LTDA;IMBUI;2011
BA;BAHIA;29.27408.06;Salvador I;29.27408.00;Mar {;13735873.0001-94;RF CONSTRUCOES LTDA;PITANGUEIRAS;2011
BA;BAHIA;29.27408.06;Salvador I;29.27408.00;Mar {;04787163.0001-17;RIO NOVO INSTALACOES E CONSTRUCOES;PAU DA LIMA;2011
BA;BAHIA;29.27408.06;Salvador I;29.27408.00;Mar {;07807162.0001-85;SALVADOR PINT SERVI ≤ OS DE PINTURAS;BOCA DO RIO;2011
BA;BAHIA;29.27408.06;Salvador I;29.27408.00;Mar {;00096631.0001-56;SANJUAN ENGENHARIA LTDA;CAMINHO DAS ARVORES;2011
BA;BAHIA;29.27408.06;Salvador I;29.27408.00;Mar {;03174517.0001-95;SANTA EMILIA EMPREENDIMENTOS;PITUBA;2011
BA;BAHIA;29.27408.06;Salvador I;29.27408.00;Mar {;00148237.0001-14;SATIVA ENGENHARIA LTDA;S ¥ O CAETANO;2011
BA;BAHIA;29.27408.06;Salvador I;29.27408.00;Mar {;08106339.0001-89;SB ALVES CONSTRU ≤ öES E PINTURAS;PITUBA;2011
BA;BAHIA;29.27408.06;Salvador I;29.27408.00;Mar {;02240105.0001-43;SBE SERGIO BASTOS ENGENHARIA LTDA;CANELA;2011
BA;BAHIA;29.27408.06;Salvador I;29.27408.00;Mar {;00839554.0001-87;SELETA SERVI ≤ OS E CONSTRU ≤ öES LTDA;PITUBA;2011
BA;BAHIA;29.27408.06;Salvador I;29.27408.00;Mar {;10356147.0001-72;SERTENGE DAN HEBERT EMPREENDIMENTOS;CAMINHO DAS ARVORES;2011
BA;BAHIA;29.27408.06;Salvador I;29.27408.00;Mar {;13959986.0001-73;SERTENGE S / A;CAMINHO DAS ARVORES;2011
BA;BAHIA;29.27408.06;Salvador I;29.27408.00;Mar {;15692726.0001-00;SETEL CONSTRUTORA E INCORPORADORA;PITUBA;2011
BA;BAHIA;29.27408.06;Salvador I;29.27408.00;Mar {;15206469.0001-59;SETEL- SERVI ≤ OS DE TERRAPLENAGEM E;CAMPINAS DE PIRAJ;2011
BA;BAHIA;29.27408.06;Salvador I;29.27408.00;Mar {;10508263.0001-60;SGPE EMPREENDIMENTOS STELLA MARIS;CAMINHO DAS ARVORES;2011
BA;BAHIA;29.27408.06;Salvador I;29.27408.00;Mar {;00129614.0001-78;SILVEIRA EMPREENDIMENTOS E;RIO VERMELHO;2011
BA;BAHIA;29.27408.06;Salvador I;29.27408.00;Mar {;09252650.0001-07;SMGS CONSTRU ≤ öES LTDA - ME;NARANDIBA;2011
BA;BAHIA;29.27408.06;Salvador I;29.27408.00;Mar {;09453295.0001-26;SPE CABULA EMPRENDIMENTO LTDA;CABULA;2011
BA;BAHIA;29.27408.06;Salvador I;29.27408.00;Mar {;11036481.0001-01;SPE RESIDENCIAL GRAN VILLE;CAMINHO DAS ARVORES;2011
BA;BAHIA;29.27408.06;Salvador I;29.27408.00;Mar {;01543722.0001-55;SVC CONSTRU ≤ öES;MARECHAL RONDON;2011
BA;BAHIA;29.27408.06;Salvador I;29.27408.00;Mar {;09655659.0001-50;SZ CONSTRUTORA E INCORPORADORA LTDA;STIEP;2011
BA;BAHIA;29.27408.06;Salvador I;29.27408.00;Mar {;07150452.0001-07;TECHNOLOGIE ENGENHARIA LTDA;PARQUE BELA VISTA;2011
BA;BAHIA;29.27408.06;Salvador I;29.27408.00;Mar {;14306831.0001-09;TELENGE TELECOMUNICA ≤ öES E;G R P VARGAS;2011
BA;BAHIA;29.27408.06;Salvador I;29.27408.00;Mar {;16047680.0001-39;TENACE ENGENHARIA E CONSULTORIA;BROTAS;2011
BA;BAHIA;29.27408.06;Salvador I;29.27408.00;Mar {;01839465.0001-01;TERRAZA ENGENHARIA E CONSTRU ≤ öES;PITUBA;2011
BA;BAHIA;29.27408.06;Salvador I;29.27408.00;Mar {;13486576.0001-52;VERTICAL ENGENHARIA LTDA;ITAIGARA;2011
BA;BAHIA;29.27408.06;Salvador I;29.27408.00;Mar {;13312669.0001-60;VIA CELERE CONSTRUCOES LTDA;CAMINHO DAS ARVORES;2011
BA;BAHIA;29.27408.06;Salvador I;29.27408.00;Mar {;09413175.0001-03;VILA LAURA EMPREENDIMENTOS LTDA;CAMINHO DAS ARVORES;2011
BA;BAHIA;29.27408.06;Salvador I;29.30709.00;Sim√es Filho;86766961.0001-27;EBRAE EMPRESA BRASILEIRA DE;STO . ANTONIO RIO DAS;2011
BA;BAHIA;29.27408.06;Salvador I;29.30709.00;Sim√es Filho;07219860.0001-60;FRANS FERDINAN REVESTIMENTOS LTDA;CENTRO;2011
BA;BAHIA;29.27408.06;Salvador I;29.30709.00;Sim√es Filho;00078296.0001-63;PAMPULHA ENGENHARIA LTDA;CIA;2011
BA;BAHIA;29.27408.06;Salvador I;29.30709.00;Sim√es Filho;13472303.0001-59;REALEZA CONSTRU ≤ öES E;CIA SUL;2011
BA;BAHIA;29.27408.06;Salvador I;29.30709.00;Sim√es Filho;00632068.0001-93;TECTENGE TECNOLOGIA E SERVI ≤ O LTDA;PONTO PARADA;2011
BA;BAHIA;29.28604.00;Santo Amaro;29.28604.00;Santo Amaro;08796966.0001-99;MUNFORD SANTANA CONSTRU ≤ ¥ O E SERVI ≤;CENTRO;2011
BA;BAHIA;29.28604.00;Santo Amaro;29.29503.00;S o Sebasti o;10816473.0001-15;SERVICE LOK MANUTENCAO INDUSTRIAL;HUMILDES;2011
BA;BAHIA;29.28703.00;Santo Ant nio de Jesus;29.28703.00;Santo Ant nio;08311379.0001-62;SULBAIANA EMPREENDIMENTOS LTDA;SAO BENEDITO;2011
BA;BAHIA;29.30105.00;Senhor do Bonfim;29.30105.00;Senhor do;02493719.0001-37;CENTRAL DE SERVICOS E TECNOLOGIA;;2011
BA;BAHIA;29.30501.00;Serrinha;29.30501.00;Serrinha;04754694.0001-03;GUEDES & MOTA LTDA;BOMBA;2011
BA;BAHIA;29.30501.00;Serrinha;29.30501.00;Serrinha;03926313.0001-63;SANDRO OLIVEIRA SANTOS;RODAGEM;2011
BA;BAHIA;29.31350.00;Teixeira de Freitas;29.31350.00;Teixeira de;08363117.0001-41;CONSTRUTORA VIEIRA LTDA;BELA VISTA;2011
BA;BAHIA;29.31350.00;Teixeira de Freitas;29.31350.00;Teixeira de;07650698.0001-30;LOB CONSTRU ≤ öES LTDA;NOVA TEIXEIRA;2011
BA;BAHIA;29.31350.00;Teixeira de Freitas;29.31350.00;Teixeira de;27564335.0001-99;LOCASERVICE LTDA;BELA VISTA;2011
BA;BAHIA;29.33307.00;Vit ria da Conquista;29.33307.00;Vit ria da;16396988.0001-90;CICLO ENGENHARIA LTDA;CENTRO;2011
BA;BAHIA;29.33307.00;Vit ria da Conquista;29.33307.00;Vit ria da;16050114.0001-86;ELETEC PLANEJ COM REP E CONSTRUCOES;JUREMA;2011
BA;BAHIA;29.33307.00;Vit ria da Conquista;29.33307.00;Vit ria da;14619761.0001-30;EMURC EMPRESA MUNICIPAL DE URBANIZA;CENTRO;2011
BA;BAHIA;29.33307.00;Vit ria da Conquista;29.33307.00;Vit ria da;02207503.0001-68;E2 ENGENHARIA E EMPREENDIMENTOS;JUREMA;2011
BA;BAHIA;29.33307.00;Vit ria da Conquista;29.33307.00;Vit ria da;10015180.0001-39;MARIA MONICA ROCHA SANTOS;CENTRO;2011
BA;BAHIA;29.33307.00;Vit ria da Conquista;29.33307.00;Vit ria da;10942723.0001-63;PEL CONSTRUTORA E INCORPORADORA;CANDEIS;2011
BA;BAHIA;29.33307.00;Vit ria da Conquista;29.33307.00;Vit ria da;97440499.0001-90;PRATES BONFIM ENGENHARIA LTDA;RECREIO;2011
BA;BAHIA;29.33307.00;Vit ria da Conquista;29.33307.00;Vit ria da;11530015.0001-88;ROGER LUKAS BRASIL VIANA;GUARANY;2011
